source	premise	hypothesis	true_label	predicted_label	confidence	entailment_prob	neutral_prob	contradiction_prob	round	instruction_type
SNLI-Contrast	Two women are embracing while holding to go packages.	The sisters are hugging goodbye while holding to go packages after just eating lunch.	contradiction	neutral	0.9983	0.0010	0.9983	0.0008		non-entailment-seeking
SNLI-Contrast	Two women are embracing while holding to go packages.	The sisters are hugging goodbye while holding to go packages after just eating lunch.	contradiction	neutral	0.9983	0.0010	0.9983	0.0008		entailment-seeking
SNLI-Contrast	Kids are on a amusement ride.	Kids ride their favorite amusement ride.	contradiction	neutral	0.9983	0.0010	0.9983	0.0008		non-entailment-seeking
SNLI-Contrast	Kids are on a amusement ride.	Kids ride their favorite amusement ride.	contradiction	neutral	0.9983	0.0010	0.9983	0.0008		entailment-seeking
SNLI-Contrast	People wearing red shirts are standing in a large pool of water as it splashes over and around them.	A tall person in a shirt	contradiction	neutral	0.9982	0.0007	0.9982	0.0011		non-entailment-seeking
SNLI-Contrast	People wearing red shirts are standing in a large pool of water as it splashes over and around them.	A tall person in a shirt	contradiction	neutral	0.9982	0.0007	0.9982	0.0011		entailment-seeking
SNLI-Contrast	Man in a black suit, white shirt and black bowtie playing an instrument with the rest of his symphony surrounding him.	A tall person in a suit	contradiction	neutral	0.9981	0.0007	0.9981	0.0012		non-entailment-seeking
SNLI-Contrast	Man in a black suit, white shirt and black bowtie playing an instrument with the rest of his symphony surrounding him.	A tall person in a suit	contradiction	neutral	0.9981	0.0007	0.9981	0.0012		entailment-seeking
SNLI-Contrast	A man wearing sunglasses is sitting on the steps outside, reading a magazine.	The man is reading tips on how to be a better boy friend.	contradiction	neutral	0.9981	0.0006	0.9981	0.0013		non-entailment-seeking
SNLI-Contrast	A man wearing sunglasses is sitting on the steps outside, reading a magazine.	The man is reading tips on how to be a better boy friend.	contradiction	neutral	0.9981	0.0006	0.9981	0.0013		entailment-seeking
SNLI-Contrast	A lady sitting on a bench that is against a building and under a poster of a man in a uniform waving.	A tall person sitting	contradiction	neutral	0.9980	0.0006	0.9980	0.0014		non-entailment-seeking
SNLI-Contrast	A lady sitting on a bench that is against a building and under a poster of a man in a uniform waving.	A tall person sitting	contradiction	neutral	0.9980	0.0006	0.9980	0.0014		entailment-seeking
SNLI-Contrast	A man in a white t-shirt takes a picture in the middle of the street with two public buses in the background.	A man is taking photos while on tour in nyc	contradiction	neutral	0.9979	0.0008	0.9979	0.0013		non-entailment-seeking
SNLI-Contrast	A man in a white t-shirt takes a picture in the middle of the street with two public buses in the background.	A man is taking photos while on tour in nyc	contradiction	neutral	0.9979	0.0008	0.9979	0.0013		entailment-seeking
SNLI-Contrast	An Indian woman is washing and cleaning dirty laundry at a lake and in the background is a kid who appears to have jumped into the lake.	An Indian woman is doing laundry for her son in the lake.	contradiction	neutral	0.9978	0.0016	0.9978	0.0006		non-entailment-seeking
SNLI-Contrast	An Indian woman is washing and cleaning dirty laundry at a lake and in the background is a kid who appears to have jumped into the lake.	An Indian woman is doing laundry for her son in the lake.	contradiction	neutral	0.9978	0.0016	0.9978	0.0006		entailment-seeking
SNLI-Contrast	A man with a shopping cart is studying the shelves in a supermarket aisle.	The man is trying to pick out what cereal to choose.	contradiction	neutral	0.9976	0.0009	0.9976	0.0015		non-entailment-seeking
SNLI-Contrast	A man with a shopping cart is studying the shelves in a supermarket aisle.	The man is trying to pick out what cereal to choose.	contradiction	neutral	0.9976	0.0009	0.9976	0.0015		entailment-seeking
SNLI-Contrast	A view of the back of a woman having a beverage.	woman drinks a beer	contradiction	neutral	0.9975	0.0013	0.9975	0.0012		non-entailment-seeking
SNLI-Contrast	A view of the back of a woman having a beverage.	woman drinks a beer	contradiction	neutral	0.9975	0.0013	0.9975	0.0012		entailment-seeking
SNLI-Contrast	A older gentleman finds it humorous that he is getting his picture taken while doing his laundry.	a blond man laughs while doing laundry	contradiction	neutral	0.9973	0.0023	0.9973	0.0004		non-entailment-seeking
SNLI-Contrast	A older gentleman finds it humorous that he is getting his picture taken while doing his laundry.	a blond man laughs while doing laundry	contradiction	neutral	0.9973	0.0023	0.9973	0.0004		entailment-seeking
SNLI-Contrast	A white dog with long hair jumps to catch a red and green toy.	A white chihuahua mix with long curly hair is jumping to catch a red and green toy bone.	contradiction	neutral	0.9970	0.0022	0.9970	0.0008		non-entailment-seeking
SNLI-Contrast	A white dog with long hair jumps to catch a red and green toy.	A white chihuahua mix with long curly hair is jumping to catch a red and green toy bone.	contradiction	neutral	0.9970	0.0022	0.9970	0.0008		entailment-seeking
ANLI	Kuch... Diiil Se is a Hindi language Indian television talk show series hosted by Smriti Irani, which premiered on SAB TV on June 23, 2003. The series is a discussion based show which primarily focuses on social issues where lawyers, cops, psychiatrists, doctors, social workers and celebrities answer viewer queries.	Kuch... Diiil Se did not exist in 2002.	entailment	contradiction	0.9969	0.0006	0.0026	0.9969	test_r1	
SNLI-Contrast	A man in a black shirt is playing golf outside.	A man plays on a golf course to relax.	contradiction	neutral	0.9968	0.0011	0.9968	0.0022		non-entailment-seeking
SNLI-Contrast	A man in a black shirt is playing golf outside.	A man plays on a golf course to relax.	contradiction	neutral	0.9968	0.0011	0.9968	0.0022		entailment-seeking
ANLI	José Eleazar Gómez Sanchez (] ; better known as Eleazar Gómez born May 29, 1986 in Mexico City, Mexico) is a Mexican actor. He is noted for his performance in Mexican telenovelas. Gómez is the brother of actress Zoraida Gómez and actor Jairo Gómez. He is a member of the Mexican pop band Eme 15.	Eleazar Gomez has never performed in American television.	neutral	contradiction	0.9965	0.0004	0.0031	0.9965	test_r1	
SNLI-Contrast	The middle eastern woman wearing the pink headscarf is walking beside a woman in a purple headscarf.	These two women are friends.	contradiction	neutral	0.9964	0.0023	0.9964	0.0012		non-entailment-seeking
SNLI-Contrast	The middle eastern woman wearing the pink headscarf is walking beside a woman in a purple headscarf.	These two women are friends.	contradiction	neutral	0.9964	0.0023	0.9964	0.0012		entailment-seeking
SNLI-Contrast	A senior is waiting at the window of a restaurant that serves sandwiches.	A man is looking to order a grilled cheese sandwich.	contradiction	neutral	0.9961	0.0008	0.9961	0.0031		non-entailment-seeking
SNLI-Contrast	A senior is waiting at the window of a restaurant that serves sandwiches.	A man is looking to order a grilled cheese sandwich.	contradiction	neutral	0.9961	0.0008	0.9961	0.0031		entailment-seeking
SNLI-Contrast	A brown a dog and a black dog in the edge of the ocean with a wave under them boats are on the water in the background.	The dogs are out to catch fish.	contradiction	neutral	0.9958	0.0016	0.9958	0.0025		non-entailment-seeking
SNLI-Contrast	A brown a dog and a black dog in the edge of the ocean with a wave under them boats are on the water in the background.	The dogs are out to catch fish.	contradiction	neutral	0.9958	0.0016	0.9958	0.0025		entailment-seeking
SNLI-Contrast	A man selling donuts to a customer during a world exhibition event held in the city of Angeles	A man selling donuts to a customer during a world exhibition event while people wait in line behind him.	contradiction	neutral	0.9953	0.0010	0.9953	0.0037		non-entailment-seeking
SNLI-Contrast	A man selling donuts to a customer during a world exhibition event held in the city of Angeles	A man selling donuts to a customer during a world exhibition event while people wait in line behind him.	contradiction	neutral	0.9953	0.0010	0.9953	0.0037		entailment-seeking
ANLI	"This is a list of episodes of the British television situation comedy ""Lead Balloon"". The first series of six episodes aired in 2006 and a second series, extended to eight episodes, aired in 2007. The third series began in November 2008. All episodes are written by Jack Dee and Pete Sinclair, and are directed and produced by Alex Hardcastle."	"The third series of ""Lead Balloon"" went into 2009."	neutral	contradiction	0.9946	0.0008	0.0046	0.9946	test_r1	
SNLI-Contrast	A woman sitting outside weaving a long piece of red, white, and blue cloth.	She is weaving an american flag	contradiction	neutral	0.9942	0.0004	0.9942	0.0054		non-entailment-seeking
SNLI-Contrast	A woman sitting outside weaving a long piece of red, white, and blue cloth.	She is weaving an american flag	contradiction	neutral	0.9942	0.0004	0.9942	0.0054		entailment-seeking
SNLI-Contrast	A group of young people with instruments are on stage.	People are performing as a band for a crowd.	contradiction	neutral	0.9940	0.0055	0.9940	0.0004		non-entailment-seeking
SNLI-Contrast	A group of young people with instruments are on stage.	People are performing as a band for a crowd.	contradiction	neutral	0.9940	0.0055	0.9940	0.0004		entailment-seeking
ANLI	Goran Bezina (born 21 March 1980 in Split, SR Croatia, Yugoslavia) is a Swiss professional ice hockey defenseman who is currently playing for Genève-Servette HC of the National League (NL). He previously played for the Arizona Coyotes in the National Hockey League (NHL), Medveščak Zagreb of the Kontinental Hockey League (KHL) and HC Fribourg-Gottéron.	Goran Bezina no longer plays for the Arizona Coyotes. 	entailment	contradiction	0.9939	0.0008	0.0052	0.9939	test_r1	
SNLI-Contrast	At an outdoor event in an Asian-themed area, a crowd congregates as one person in a yellow Chinese dragon costume confronts the camera.	A crowd is in front of a camera	contradiction	entailment	0.9935	0.9935	0.0058	0.0007		non-entailment-seeking
SNLI-Contrast	At an outdoor event in an Asian-themed area, a crowd congregates as one person in a yellow Chinese dragon costume confronts the camera.	A crowd is in front of a camera	contradiction	entailment	0.9935	0.9935	0.0058	0.0007		entailment-seeking
SNLI-Contrast	Two young boys of opposing teams play football, while wearing full protection uniforms and helmets.	boys scoring a touchdown	contradiction	neutral	0.9934	0.0020	0.9934	0.0046		non-entailment-seeking
SNLI-Contrast	Two young boys of opposing teams play football, while wearing full protection uniforms and helmets.	boys scoring a touchdown	contradiction	neutral	0.9934	0.0020	0.9934	0.0046		entailment-seeking
SNLI-Contrast	Under a blue sky with white clouds, a child reaches up to touch the propeller of a plane standing parked on a field of grass.	A child is reaching to touch the propeller out of curiosity.	contradiction	neutral	0.9927	0.0066	0.9927	0.0007		non-entailment-seeking
SNLI-Contrast	Under a blue sky with white clouds, a child reaches up to touch the propeller of a plane standing parked on a field of grass.	A child is reaching to touch the propeller out of curiosity.	contradiction	neutral	0.9927	0.0066	0.9927	0.0007		entailment-seeking
SNLI-Contrast	A man in a blue shirt standing in front of a garage-like structure painted with geometric designs.	A man is repainting a garage	contradiction	neutral	0.9923	0.0057	0.9923	0.0020		non-entailment-seeking
SNLI-Contrast	A man in a blue shirt standing in front of a garage-like structure painted with geometric designs.	A man is repainting a garage	contradiction	neutral	0.9923	0.0057	0.9923	0.0020		entailment-seeking
ANLI	"Magnus is a Belgian joint dance project of Tom Barman (from the rock band dEUS) and CJ Bolland. Magnus' debut album, ""The Body Gave You Everything"", was released on March 29, 2004. Two of its tracks, ""Summer's Here"" and ""Jumpneedle"", were released as singles."	"""The body gave you everything"" album was not released on March 28, 2003 but on March 29, 2004."	entailment	contradiction	0.9906	0.0025	0.0069	0.9906	test_r1	
ANLI	Daniel Zolnikov (born January 29, 1987) is a Republican member of the Montana Legislature. He was elected to House District 47 which represents Billings, Montana After redistricting, he now represents House District 45. He has made a name for himself pursuing pro-privacy legislation.	There is no information indicating whether Daniel Zolnikov is a good legislator or not.	neutral	contradiction	0.9895	0.0010	0.0095	0.9895	test_r1	
ANLI	Aram is a 2002 French action film. It takes place in France between 1993 and 2001, wherein French-Armenian fighters supply arms to Nagorno-Karabakh and kill a visiting Turkish general. The film was released in 2002 in theatres in France, and made its American debut in 2004 at the Armenian Film Festival in San Francisco.	In 2002, the Armenian Film Festival was held in San Francisco.	neutral	entailment	0.9877	0.9877	0.0106	0.0017	test_r1	
ANLI	"In Return (CD + EP/10"") is the second release by American stoner metal band Torche. It was released on September 18, 2007 through Robotic Empire in the United States and Rock Action Records in Europe on 15 October. Artwork and design were by Baroness singer John Dyer Baizley."	In Return was released on the 18th	entailment	contradiction	0.9876	0.0047	0.0076	0.9876	test_r1	
ANLI	This is a list of films produced by the U.S. film studio 20th Century Fox Film Corporation and released between its May 31, 1935 creation as a merger between Fox Film Corporation (1915–1935) and 20th Century Pictures (1933–1936) until 1999. For subsequent releases by 20th Century Fox, see List of 20th Century Fox films (2000–present).	This list contains movies released by 20th Century Pictures in 1982.	entailment	contradiction	0.9857	0.0041	0.0102	0.9857	test_r1	
ANLI	.aq is the Internet country code top-level domain (ccTLD) for Antarctica. It is reserved for organizations that conduct work in Antarctica or promote the Antarctic and Southern Ocean regions. It is administered by Peter Mott of Mott and Associates of Auckland, New Zealand.	.AQ includes the South Georgia Islands.	neutral	contradiction	0.9842	0.0015	0.0143	0.9842	test_r1	
ANLI	The 2009–10 Tour de Ski was the 4th edition of the Tour de Ski and took place 1–10 January 2010. The race started in Oberhof, Germany, and ended in Val di Fiemme, Italy. The defending champions are Switzerland's Dario Cologna for the men and Finland's Virpi Kuitunen. This year's event was won by Lukáš Bauer of the Czech Republic for the men and Poland's Justyna Kowalczyk for the women.	Dario Cologna won the 3rd edition of the Tour de Ski.	entailment	contradiction	0.9836	0.0026	0.0138	0.9836	test_r1	
ANLI	"William George ""Billy"" Zane, Jr. (born February 24, 1966) is an American actor and producer. He is best known for playing Hughie in the thriller ""Dead Calm"" (1989), Kit Walker / The Phantom in the superhero film ""The Phantom"" (1996), Caledon Hockley in the epic romantic disaster film ""Titanic"" (1997), and for his television role as John Wheeler in the serial drama series ""Twin Peaks""."	"The only superhero character that William George ""Billy"" Zane, Jr played was the Phantom, otherwise known as Kit Walker, in the superhero film ""The Phantom."""	neutral	contradiction	0.9835	0.0016	0.0149	0.9835	test_r1	
ANLI	Charlie Catlett (born 1960) is a Senior Computer Scientist at Argonne National Laboratory and a Senior Fellow in the Computation Institute, a joint institute of Argonne National Laboratory and The University of Chicago, and a Senior Fellow at the University of Chicago's Harris School of Public Policy.	Charlie Catlett has two vowels in his last name.	entailment	neutral	0.9834	0.0012	0.9834	0.0154	test_r1	
ANLI	"The Building Strong Families Program (BSF) is part of the Healthy Marriage Initiative funded by the U.S. Department of Health and Human Services, Administration for Children and Families, ""to learn whether well-designed interventions can help couples fulfill their aspirations for a healthy relationship, marriage, and a strong family."""	The BSF is funded by the country directly north of Mexico.	entailment	contradiction	0.9828	0.0011	0.0162	0.9828	test_r1	
SNLI-Contrast	A young boy with black hair is holding onto a gun which is secured to a vehicle which is being driven by a young man who is wearing a bright pink shirt.	The young boy is completing a heist.	contradiction	neutral	0.9824	0.0123	0.9824	0.0052		non-entailment-seeking
SNLI-Contrast	A young boy with black hair is holding onto a gun which is secured to a vehicle which is being driven by a young man who is wearing a bright pink shirt.	The young boy is completing a heist.	contradiction	neutral	0.9824	0.0123	0.9824	0.0052		entailment-seeking
SNLI-Contrast	A long-beaked bird in mid-flight.	A bird chasing an insect.	contradiction	neutral	0.9802	0.0058	0.9802	0.0140		non-entailment-seeking
SNLI-Contrast	A long-beaked bird in mid-flight.	A bird chasing an insect.	contradiction	neutral	0.9802	0.0058	0.9802	0.0140		entailment-seeking
SNLI-Contrast	A pregnant lady singing on stage while holding a flag behind her.	A lady is participating in a talent show.	contradiction	neutral	0.9798	0.0022	0.9798	0.0179		non-entailment-seeking
SNLI-Contrast	A pregnant lady singing on stage while holding a flag behind her.	A lady is participating in a talent show.	contradiction	neutral	0.9798	0.0022	0.9798	0.0179		entailment-seeking
ANLI	Some Girl(s) is a 2013 American comedy film directed by Daisy von Scherler Mayer and written by Neil LaBute. It is based on the play of the same name, also written by LaBute. The film stars Adam Brody, Kristen Bell, Zoe Kazan, Mía Maestro, Jennifer Morrison and Emily Watson. The film was released on June 26, 2013, by Leeden Media.	The film stars five women and one man.	entailment	contradiction	0.9788	0.0018	0.0195	0.9788	test_r1	
ANLI	Prince Hall Freemasonry is a branch of North American Freemasonry founded by Prince Hall on September 29, 1784 and composed predominantly of African Americans. There are two main branches of Prince Hall Freemasonry: the independent State Prince Hall Grand Lodges, most of which are recognized by Regular Masonic jurisdictions and those under the jurisdiction of the National Grand Lodge.	North American Freemasonry has only two main branches. 	entailment	contradiction	0.9773	0.0095	0.0132	0.9773	test_r1	
SNLI-Contrast	Women and children sitting outside in the shade while a group of younger children sitting inside in the shade.	It is very sunny outside.	contradiction	neutral	0.9772	0.0055	0.9772	0.0172		non-entailment-seeking
SNLI-Contrast	Women and children sitting outside in the shade while a group of younger children sitting inside in the shade.	It is very sunny outside.	contradiction	neutral	0.9772	0.0055	0.9772	0.0172		entailment-seeking
ANLI	Without Meyer, No Celebration is Complete (German: Keine Feier ohne Meyer) is a 1931 German comedy film directed by Carl Boese and starring Sig Arno, Ralph Arthur Roberts and Dina Gralla. Boese made a number of films featuring Jewish comedians during the Weimar Era.	Carl Boese had a Jewish comedian appear in a film before the Weimar Era.	neutral	entailment	0.9760	0.9760	0.0229	0.0012	test_r1	
SNLI-Contrast	A girl swings high in the air.	A girl is gaining momentum to flip off the swing	contradiction	neutral	0.9755	0.0227	0.9755	0.0018		non-entailment-seeking
SNLI-Contrast	A girl swings high in the air.	A girl is gaining momentum to flip off the swing	contradiction	neutral	0.9755	0.0227	0.9755	0.0018		entailment-seeking
SNLI-Contrast	A young boy in a field of flowers carrying a ball	boy leaving baseball game	contradiction	neutral	0.9746	0.0016	0.9746	0.0239		non-entailment-seeking
SNLI-Contrast	A young boy in a field of flowers carrying a ball	boy leaving baseball game	contradiction	neutral	0.9746	0.0016	0.9746	0.0239		entailment-seeking
SNLI-Contrast	A little boy in a blue shirt holding a toy.	Boy dressed in blue carrying toy to a toybox.	contradiction	neutral	0.9744	0.0246	0.9744	0.0009		non-entailment-seeking
SNLI-Contrast	A little boy in a blue shirt holding a toy.	Boy dressed in blue carrying toy to a toybox.	contradiction	neutral	0.9744	0.0246	0.9744	0.0009		entailment-seeking
SNLI-Contrast	Two doctors perform surgery on patient.	Two doctors are performing surgery on a man.	contradiction	neutral	0.9742	0.0113	0.9742	0.0145		non-entailment-seeking
SNLI-Contrast	Two doctors perform surgery on patient.	Two doctors are performing surgery on a man.	contradiction	neutral	0.9742	0.0113	0.9742	0.0145		entailment-seeking
ANLI	Suspect Zero is a 2004 American psychological thriller film starring Aaron Eckhart, Ben Kingsley, and Carrie-Anne Moss. The film, which was produced by Tom Cruise's co-owned company Cruise/Wagner Productions, was directed by E. Elias Merhige. It was a box office bomb failing to earn half of its estimated $27 million production costs at the box office.	Suspect Zero, a 2004 psychological thriller, was produced and directed by Tom Cruise.	contradiction	entailment	0.9742	0.9742	0.0217	0.0040	test_r1	
SNLI-Contrast	A group of people prepare hot air balloons for takeoff.	There are hot air balloons on the ground and air.	contradiction	entailment	0.9741	0.9741	0.0206	0.0053		non-entailment-seeking
SNLI-Contrast	A group of people prepare hot air balloons for takeoff.	There are hot air balloons on the ground and air.	contradiction	entailment	0.9741	0.9741	0.0206	0.0053		entailment-seeking
ANLI	"The Nelly Sachs Prize (German:""Nelly Sachs Preis"") is a literary prize given every two years by the German city of Dortmund. Named after the Jewish poet Nelly Sachs, the prize includes a cash award of €15,000. It honours authors for outstanding literary contributions to the promotion of understanding between peoples."	The Nelly Sachs Prize is a taxable prize.	neutral	entailment	0.9696	0.9696	0.0287	0.0017	test_r1	
ANLI	"""Don't Worry 'Bout It"" is a song by American hip hop recording artist 50 Cent, released on March 18, 2014 as the first single from his fifth studio album ""Animal Ambition"" (2014). The song features a guest verse by fellow American rapper Yo Gotti and was produced by Charli Brown Beatz."	Don't Worry 'Bout It is a great song by Yo Gotti.	contradiction	neutral	0.9694	0.0219	0.9694	0.0087	test_r1	
ANLI	Old Trafford is a football stadium in Old Trafford, Greater Manchester, England, and the home of Manchester United. With a capacity of 75,643, it is the largest club football stadium in the United Kingdom, the second-largest football stadium, and the eleventh-largest in Europe. It is about 0.5 mi from Old Trafford Cricket Ground and the adjacent tram stop.	There are only 10 larger football stadiums in Europe.	entailment	contradiction	0.9672	0.0056	0.0272	0.9672	test_r1	
ANLI	Ancaster is a village and civil parish in the South Kesteven district of Lincolnshire, England, on the site of a Roman town. The population of the civil parish was 1,317 at the 2001 census increasing to 1,647 at the 2011 census. The civil parish includes the settlements of Sudbrook and West Willoughby.	Ancaster is in Europe.	entailment	contradiction	0.9646	0.0230	0.0124	0.9646	test_r1	
ANLI	"WSJD (100.5 FM, ""True Oldies 100.5"") is a radio station serving the Evansville, Indiana area with an oldies format. It broadcasts on FM frequency 100.5 MHz and is under self ownership. Majority of the programming is featured from ABC Radio's ""The True Oldies Channel"" satellite feed. The station broadcasts Major League Baseball games as a member of the Los Angeles Dodgers Radio Network."	Los Angeles Dodgers Radio Network want to separate from the WSJD 	neutral	contradiction	0.9636	0.0025	0.0340	0.9636	test_r1	
ANLI	"Meg Randall (born ""Genevieve Roberts""; August 1, 1926 in Clinton, Oklahoma) was an American film actress who also attended the University of Oklahoma as an undergraduate, completing only her freshman year. She was active in motion pictures, radio and television between 1946 and 1961, changing her name from Gene Roberts to Meg Randall in mid-1948."	Meg Randall did not study acting	neutral	contradiction	0.9625	0.0041	0.0334	0.9625	test_r1	
ANLI	The murder of Jamiel Shaw II occurred on March 2, 2008, in Arlington Heights, Los Angeles, California. Shaw, a 17-year-old Los Angeles High School football player, was shot by two Hispanic men while returning home from the Beverly Center. Shaw was taken to a hospital, where he later died.	Shaw died at the scene of his murder in 2008.	contradiction	entailment	0.9620	0.9620	0.0344	0.0036	test_r1	
SNLI-Contrast	Two women having drinks and smoking cigarettes at the bar.	Women are celebrating at a bar.	contradiction	neutral	0.9615	0.0368	0.9615	0.0017		non-entailment-seeking
SNLI-Contrast	Two women having drinks and smoking cigarettes at the bar.	Women are celebrating at a bar.	contradiction	neutral	0.9615	0.0368	0.9615	0.0017		entailment-seeking
ANLI	Puss in Boots is an action game based on the DreamWorks Animation SKG movie of the same name. It was developed by Blitz Games, and released by THQ on October 25, 2011 for Xbox 360, PlayStation 3, Wii and Nintendo DS. It features support for Kinect and PlayStation Move on the respective platforms. It was released on October 25, 2011 in North America and December 2 for Europe.	Puss in Boots was developed in October 2011 by THQ.	contradiction	entailment	0.9605	0.9605	0.0347	0.0048	test_r1	
ANLI	Abraham Roqueñi Iglesias (born April 16, 1978) is a Spanish welterweight kickboxer. He was the K-1 MAX Spain 2004 tournament winner, and is a former ISKA, WAKO and WFCA world champion. He holds notable wins over Gago Drago, Luis Reis, Andy Souwer and Artur Kyshenko.	Abraham Roqueñi Iglesias only won one world championship	contradiction	neutral	0.9603	0.0252	0.9603	0.0145	test_r1	
ANLI	"Sakis Rouvas filmed his first cinematographic works in 1996, playing the voice of Quasimodo in the Greek language dubbing of the Disney animated adaptation of ""The Hunchback of Notre Dame"" titled ""I Panayia Ton Parision."" A Decade later in 2006 Rouvas voiced Lightning McQueen in the Greek dubbing of the animated film ""Cars""."	Sakis Rouvas voiced a Hunchback and a car	entailment	contradiction	0.9571	0.0164	0.0264	0.9571	test_r1	
ANLI	The Royal Irish Rangers (27th (Inniskilling), 83rd and 87th) was a regular infantry regiment of the British Army with a relatively short existence, formed in 1968 and later merged with the Ulster Defence Regiment in 1992 to form the Royal Irish Regiment.	The Royal Irish Rangers merged with the Ulster Defence Regiment in 1968.	contradiction	entailment	0.9550	0.9550	0.0263	0.0187	test_r1	
SNLI-Contrast	A taxi SUV drives past an urban construction site, as a man walks down the street in the other direction.	A taxi SUV races to pick up some clients while a man walks peacefully in the other direction.	contradiction	neutral	0.9546	0.0010	0.9546	0.0444		non-entailment-seeking
SNLI-Contrast	A taxi SUV drives past an urban construction site, as a man walks down the street in the other direction.	A taxi SUV races to pick up some clients while a man walks peacefully in the other direction.	contradiction	neutral	0.9546	0.0010	0.9546	0.0444		entailment-seeking
ANLI	Susan Sadlowski Garza is a member of the Chicago City Council serving as Alderman for the 10th ward. The 10th ward is located on Chicago's southeast side and includes East Side, Hegewisch, Jeffrey Manor, South Chicago and South Deering. She is serving her first term after defeating Rahm Emanuel ally John Pope in the 2015 election.	Susan Sadlowski Garza never met Rahm Emanuel.	neutral	contradiction	0.9545	0.0009	0.0446	0.9545	test_r1	
ANLI	Some Enchanted Evening is the second live album by the American hard rock band Blue Öyster Cult, released in September 1978 (see 1978 in music). It is Blue Öyster Cult's best selling album, having sold two million copies, including over a million in the United States. The album's seven original tracks were recorded at various locations in the United States and England.	Some Enchanted Evening was released during the 7th decade of the 20th century.	entailment	contradiction	0.9512	0.0141	0.0346	0.9512	test_r1	
ANLI	"Dyllan McGee is a documentary filmmaker and founder of McGee Media. In partnership with Peter Kunhardt, McGee produced ""Gloria: In Her Own Words” (HBO), “Finding Your Roots with Henry Louis Gates, Jr.” (PBS), ""MAKERS: Women Who Make America” and many more. McGee is the Founder and Executive Producer of AOL’s MAKERS."	D McGee is a filmmaker who founded their own company. They made many films, that were broadcast on many US networks. 	entailment	neutral	0.9488	0.0445	0.9488	0.0067	test_r1	
ANLI	"The 2001 NFL draft was the 66th annual meeting of National Football League (NFL) franchises to select newly eligible football players. The draft, which is officially referred to as the ""NFL Player Selection Meeting,"" was held at the Theater at Madison Square Garden in New York City, New York on April 21–22, 2001."	The NFL draft is held once per year.	entailment	neutral	0.9478	0.0188	0.9478	0.0333	test_r1	
ANLI	Ghosting refers to the act of breaking off a relationship (often used in the context of intimate relationships) by ceasing all communication and contact with the former partner without any apparent warning or justification, as well as avoiding and/or ignoring and refusing to respond in any way to the former partner’s attempts to reach out or communicate.	Strangers cannot ghost one another	entailment	contradiction	0.9475	0.0236	0.0289	0.9475	test_r1	
ANLI	"On the darts circuit his nickname is The Excellent Dude, which is a reference from the film ""Bill & Ted's Excellent Adventure"". He is also known for using Metallica's 'Enter Sandman' as his walk-on music, which he plays air guitar as he enters the stage."	The Excellent Dude is the inspiration for Bill & Ted's Excellent Adventure.	contradiction	neutral	0.9473	0.0452	0.9473	0.0076	test_r1	
ANLI	Richard Wade Walton is a former American football quarterback. He was the starting quarterback of the Texas Longhorns in early 1998. He was the backup quarterback for James Brown for three years before winning the starting job as a 5th year Senior. He started for the first two games in 1998 but broke his hand against UCLA and as a result lost his starting job to Major Applewhite.	Richard Wade Walton ended up playing for a remarkable number of years, 1998 years to be precise	contradiction	neutral	0.9471	0.0140	0.9471	0.0389	test_r1	
SNLI-Contrast	A group of onlookers glance at a person doing a strange trick on her head.	Onlookers are impressed by the trick.	contradiction	neutral	0.9470	0.0355	0.9470	0.0175		non-entailment-seeking
SNLI-Contrast	A group of onlookers glance at a person doing a strange trick on her head.	Onlookers are impressed by the trick.	contradiction	neutral	0.9470	0.0355	0.9470	0.0175		entailment-seeking
SNLI-Contrast	Two young children in blue jerseys, one with the number 9 and one with the number 2 are standing on wooden steps in a bathroom and washing their hands in a sink.	Two kids at a ballgame wash their hands.	contradiction	neutral	0.9468	0.0012	0.9468	0.0520		non-entailment-seeking
SNLI-Contrast	Two young children in blue jerseys, one with the number 9 and one with the number 2 are standing on wooden steps in a bathroom and washing their hands in a sink.	Two kids at a ballgame wash their hands.	contradiction	neutral	0.9468	0.0012	0.9468	0.0520		entailment-seeking
SNLI-Contrast	Men stand on steps leading out of a body of water	Men are standing by a docked boat.	contradiction	neutral	0.9463	0.0264	0.9463	0.0274		non-entailment-seeking
SNLI-Contrast	Men stand on steps leading out of a body of water	Men are standing by a docked boat.	contradiction	neutral	0.9463	0.0264	0.9463	0.0274		entailment-seeking
ANLI	Narendra Damodardas Modi (] , born 17 September 1950) is an Indian politician who is the 14th and current Prime Minister of India, in office since May 2014. He was the Chief Minister of Gujarat from 2001 to 2014, and is the Member of Parliament for Varanasi. Modi, a member of the Bharatiya Janata Party (BJP), is a Hindu nationalist and member of the right-wing Rashtriya Swayamsevak Sangh (RSS).	Narendra Damodardas Modi has held a political position for all of 2014.	neutral	contradiction	0.9438	0.0120	0.0442	0.9438	test_r1	
ANLI	Channels, released in 2008, is love story sometimes described as delving into thoughts of existentialism. The film was written, directed, produced and acted in by Nat Christian. The film stars Kim Oja, Nat Christian, Ed Asner, John Kassir, Joan Van Ark and Taylor Negron. Ann Marcus executive produced. The production company was Olliewood Films, Inc.	Channels was released before 2007.	contradiction	entailment	0.9382	0.9382	0.0222	0.0396	test_r1	
SNLI-Contrast	Two black little boys hanging over an upside down bicycle, one examining the pedal.	Someone is riding a bike.	contradiction	entailment	0.9366	0.9366	0.0583	0.0051		non-entailment-seeking
SNLI-Contrast	Two black little boys hanging over an upside down bicycle, one examining the pedal.	Someone is riding a bike.	contradiction	entailment	0.9366	0.9366	0.0583	0.0051		entailment-seeking
ANLI	"Shaun Pye is an English actor, comedian, writer, critic, television producer, editor and journalist, known for co-creating the animated sketch comedy ""Monkey Dust"" with Harry Thompson, and for his role as Greg Lindley-Jones on Ricky Gervais's sitcom ""Extras""."	"Shaun Pye was a voice actor for the ""Monkey Dust"", an animated TV show he co-created."	neutral	entailment	0.9353	0.9353	0.0386	0.0261	test_r1	
ANLI	Kevin Sloan is a retired American soccer player who played professionally in the American Soccer League, American Professional Soccer League and Major Indoor Soccer League. He has also coached professionally and is currently the head coach of the Neumann College men's soccer team.	Kevin Sloan played in less than 5 leagues	entailment	neutral	0.9247	0.0377	0.9247	0.0376	test_r1	
ANLI	Javier Torres (born May 14, 1988 in Artesia, California) is an undefeated Mexican American professional boxer in the Heavyweight division. Torres was the second rated U.S. amateur boxer in the Super Heavyweight division and a member of the Mexican Olympic team.	Javier was born in Mexico	contradiction	entailment	0.9244	0.9244	0.0686	0.0070	test_r1	
ANLI	Oksa is a village in Jędrzejów County, Świętokrzyskie Voivodeship, in south-central Poland. It is the seat of the gmina (administrative district) called Gmina Oksa. It lies approximately 18 km north-west of Jędrzejów and 41 km south-west of the regional capital Kielce. The village has an approximate population of 890.	The population of Oksa is large	contradiction	neutral	0.9221	0.0637	0.9221	0.0142	test_r1	
ANLI	"Ruth Mott (5 February 1917 – 28 July 2012) was an English domestic servant who became a television cook and personality. Mott spent most of her life working in country houses with her television work not beginning until the age of 70 when her knowledge of a working Victorian kitchen was utilized for the television show ""The Victorian Kitchen""."	Ruth Mott was not an author	entailment	contradiction	0.9170	0.0264	0.0566	0.9170	test_r1	
SNLI-Contrast	Families waiting in line at an amusement park for their turn to ride.	People are waiting to see a movie.	contradiction	neutral	0.9137	0.0017	0.9137	0.0846		non-entailment-seeking
SNLI-Contrast	Families waiting in line at an amusement park for their turn to ride.	People are waiting to see a movie.	contradiction	neutral	0.9137	0.0017	0.9137	0.0846		entailment-seeking
ANLI	"Sean Power is an American actor, writer and director. He has resided in Canada, the United States, Ireland and the United Kingdom. He is probably best known for his role as Marty in the BBC comedy series ""Lead Balloon"" and for creating his role as the beat poet 'Jack' in David Rubinoff's ""Stuck""."	a  David Rubinoff' title has a one word five letter title.	entailment	neutral	0.9110	0.0139	0.9110	0.0751	test_r1	
ANLI	"Emanuel was a five-piece rock band from Louisville, Kentucky, United States. It was formed in 1998 under the lesser-known name Emanuel Nice and appeared on four self-released records, before being signed to Vagrant Records and changing the name in 2004. Since then, Emanuel has released a debut album, ""Soundtrack to a Headrush"", and a second album ""Black Earth Tiger""."	Emmanuel Nice does not plan to release another album.	neutral	contradiction	0.9095	0.0139	0.0766	0.9095	test_r1	
ANLI	The 1979–80 Iraq FA Cup was the fourth edition of the Iraq FA Cup. The tournament was won by Al-Jaish for the first time, beating Al-Talaba 4–2 on penalties in the final after a 1–1 draw in which Jamal Ali scored Al-Talaba's goal. The first two rounds were between teams from the lower division, before the top-flight clubs entered at the round of 16.	Al-Talaba had previously beat Al-Jaish before 1978.	neutral	entailment	0.9094	0.9094	0.0708	0.0199	test_r1	
SNLI-Contrast	A woman is writing something on a post-it note which is hanging on a bulletin board with a lot of other post-it notes.	The woman is writing a grocery list.	contradiction	neutral	0.9090	0.0014	0.9090	0.0896		non-entailment-seeking
SNLI-Contrast	A woman is writing something on a post-it note which is hanging on a bulletin board with a lot of other post-it notes.	The woman is writing a grocery list.	contradiction	neutral	0.9090	0.0014	0.9090	0.0896		entailment-seeking
SNLI-Contrast	A group of young people with instruments are on stage.	People are playing music.	contradiction	entailment	0.9080	0.9080	0.0881	0.0038		non-entailment-seeking
SNLI-Contrast	A group of young people with instruments are on stage.	People are playing music.	contradiction	entailment	0.9080	0.9080	0.0881	0.0038		entailment-seeking
ANLI	The Beverly Center Business District encompasses much of the historic 19th century commercial heart of Beverly, Massachusetts. Centered on Cabot and Church Streets between Central Street and the Beverly Common, its architecture reflects the city's growth over 150 years. The district was added to the National Register of Historic Places in 1984.	The National Register of Historic Places was established in 1984	neutral	entailment	0.8991	0.8991	0.0713	0.0296	test_r1	
SNLI-Contrast	Two black little boys hanging over an upside down bicycle, one examining the pedal.	the children are outside.	contradiction	entailment	0.8984	0.8984	0.1001	0.0015		non-entailment-seeking
SNLI-Contrast	Two black little boys hanging over an upside down bicycle, one examining the pedal.	the children are outside.	contradiction	entailment	0.8984	0.8984	0.1001	0.0015		entailment-seeking
ANLI	Eleftheria Arvanitaki (Greek: Ελευθερία Αρβανιτάκη) (born October 17, 1957 in Piraeus) is a Greek folk singer. She originates from the island of Icaria. Arvanitaki has worked with important musicians, such as Cesária Évora, Arto Tunçboyacıyan, Ara Dinkjian. On 14 March 2010, Alpha TV ranked her the sixth top-certified female artist in the nation's phonographic era (since 1960).	Arto Tunçboyacıyan went to Icaria to work with Eleftheria Arvanitaki.	neutral	entailment	0.8894	0.8894	0.0981	0.0125	test_r1	
ANLI	Don 2 is the soundtrack album composed by the trio Shankar-Ehsaan-Loy to the film of the same name directed by Farhan Akhtar starring Shahrukh Khan, Priyanka Chopra, Boman Irani, Om Puri, Lara Dutta and Kunal Kapoor. The album features nine tracks, and was released on 17 November 2011 by T-Series.	Don 2 was released in the decade after the 2000's.	entailment	neutral	0.8874	0.0396	0.8874	0.0730	test_r1	
ANLI	The Centralia Massacre was an incident during the American Civil War in which twenty-four unarmed Union soldiers were captured and executed at Centralia, Missouri on September 27, 1864 by the pro-Confederate guerrilla leader William T. Anderson. Future outlaw Jesse James was among the guerrillas.	William T Anderson was Jesse James superior at one point.	entailment	neutral	0.8870	0.0903	0.8870	0.0227	test_r1	
ANLI	Ghosting refers to the act of breaking off a relationship (often used in the context of intimate relationships) by ceasing all communication and contact with the former partner without any apparent warning or justification, as well as avoiding and/or ignoring and refusing to respond in any way to the former partner’s attempts to reach out or communicate.	Ghosting is the act of breaking off a relationship but it very often does involve a warning and justification	contradiction	entailment	0.8696	0.8696	0.0982	0.0322	test_r1	
SNLI-Contrast	A brown a dog and a black dog in the edge of the ocean with a wave under them boats are on the water in the background.	The dogs are swimming among the boats.	entailment	neutral	0.8654	0.0375	0.8654	0.0972		entailment-seeking
SNLI-Contrast	A brown a dog and a black dog in the edge of the ocean with a wave under them boats are on the water in the background.	The dogs are swimming among the boats.	entailment	neutral	0.8654	0.0375	0.8654	0.0972		non-entailment-seeking
ANLI	Kroll Show is an American sketch comedy television series created by and starring comedian Nick Kroll. John Levenstein and Jonathan Krisel served as the show's executive producers. The series premiered on January 16, 2013 and ended on March 24, 2015, on the American cable television network Comedy Central.	Kroll Show is a sketch comedy starring Levenstein and Jonathan Krisel.	contradiction	entailment	0.8617	0.8617	0.0334	0.1049	test_r1	
ANLI	Nauset Regional High School an NEASC accredited high school located in North Eastham, Massachusetts. Nauset is inside the Cape Cod National Seashore, making it the only high school on the East Coast located within a National Park. The open campus is situated about a half-mile from Nauset Light. Nauset's colors are Black and Gold and the school's mascot is the Warrior.	There are several High Schools located in National Parks on the West Coast.	neutral	entailment	0.8613	0.8613	0.1213	0.0173	test_r1	
ANLI	Fast low angle shot magnetic resonance imaging (FLASH MRI) is a particular sequence of magnetic resonance imaging. It is a gradient echo sequence which combines a low-flip angle radio-frequency excitation of the nuclear magnetic resonance signal (recorded as a spatially encoded gradient echo) with a rapid repetition time. It is the generic form of steady-state free precession imaging.	FLASH comes from the light emitted with an MRI.	contradiction	entailment	0.8588	0.8588	0.1175	0.0237	test_r1	
ANLI	"This is a list of cities in Azerbaijan. Azerbaijan is a country in the South Caucasus region, situated at the crossroads of Southwest Asia and Southeastern Europe. In total, Azerbaijan has 77 cities (including 12 Federal-level cities), 64 smaller ""rayon"" -class cities, and one special legal status city. These are followed by 257 urban-type settlements and 4,620 villages."	Azerbaijan has more villages than urban settlements.	entailment	neutral	0.8491	0.1158	0.8491	0.0351	test_r1	
ANLI	Liar is the third album by Vancouver indie band Fake Shark – Real Zombie!. It was released on February 14, 2013. The album is a bit of direction change for the band, and the first with label, Light Organ Records. Guests include Care Failure of the band Die Mannequin, Jimmy Urine of Mindless Self Indulgence, Steve Bays of Hot Hot Heat, and Henry Rollins.	Fake Shark had an album in 2015	neutral	contradiction	0.8487	0.0553	0.0959	0.8487	test_r1	
ANLI	"Woman Out of Control is second solo album by Ray Parker Jr. It was released in 1983 on the Arista label. The record includes the single ""I Still Can't Get Over Loving You"" which reached number 12 on the ""Billboard"" Hot 100 in early 1984. The album was remastered and expanded by Funky Town Grooves in June 2012."	"The song ""Ghostbusters!"" is on Woman Out of Control."	neutral	contradiction	0.8464	0.0707	0.0829	0.8464	test_r1	
ANLI	"Miroslav Ondříček was born in Prague, Czechoslovakia (now Prague, Czech Republic). He studied filmmaking at the Barrandov Studio Training School and began making movies during the Czech New Wave. His first feature film work was on Miloš Forman's ""Talent Competition"". He continued his long working relationship with Forman in the US on such films as ""Hair"", ""Ragtime"" and ""Amadeus""."	He was not born in the United States	entailment	contradiction	0.8443	0.0262	0.1296	0.8443	test_r1	
ANLI	"Many science fiction works have been set in the 21st century (years 2001 to 2100). With humanity now in the 21st century, many of the predictions of these works have so far been proven obsolete. This page lists only ""predictions"" regarding the 21st century, as opposed to contemporary accounts of the actual 21st century, which would be too numerous to list."	The 21st century spans more than 100 years.	contradiction	entailment	0.8331	0.8331	0.1102	0.0566	test_r1	
ANLI	"Feldkirchen in Kärnten (Slovene: ""Trg"" ) is a town in the Austrian state of Carinthia and the capital of the district of the same name. It consists of the Katastralgemeinden ""Fasching"", ""Feldkirchen"", ""Glanhofen"", ""Gradisch"", ""Hoefling"", ""Klein Sankt Veit"", ""Pernegg"", ""Rabensdorf"", ""Sankt Ulrich"", ""Sittich"", ""Tschwarzen"" and ""Waiern""."	"Feldkirchen in Kärnten (Slovene: ""Trg"" ) is a meager town in the Austrian state of Carinthia and the capital of the district of the same name."	neutral	contradiction	0.8258	0.1419	0.0323	0.8258	test_r1	
SNLI-Contrast	A taxi SUV drives past an urban construction site, as a man walks down the street in the other direction.	A man is chasing an SUV that is going in the same direction as him.	contradiction	neutral	0.8208	0.0306	0.8208	0.1485		non-entailment-seeking
SNLI-Contrast	A taxi SUV drives past an urban construction site, as a man walks down the street in the other direction.	A man is chasing an SUV that is going in the same direction as him.	contradiction	neutral	0.8208	0.0306	0.8208	0.1485		entailment-seeking
ANLI	The Troller T4 is a four-wheel drive vehicle made by Troller Veículos Especiais S/A. It is available only as a two-door car with a fibreglass body and steel chassis, with a design inspired by the Jeep. It has standard 4WD, a 5-speed Eaton manual transmission and Dana axles. The engine is a 3.0 L turbo Diesel built by MWM and was introduced in 2004.	The Troller T4's engine was built only for the four-wheel drive vehicle in 2004 by MWM.	neutral	contradiction	0.8174	0.0648	0.1177	0.8174	test_r1	
ANLI	The diocese of Vannida (in Latin: Dioecesis Vannidensis) is a suppressed and titular See of the Roman Catholic Church. It was centered on the ancient Roman Town of Vannida, in what is today Algeria, is an ancient episcopal seat of the Roman province of Mauritania Cesariense.	The diocese of Vannida is located in Europe	contradiction	neutral	0.8125	0.1069	0.8125	0.0806	test_r1	
ANLI	The Unwelcome Mrs. Hatch is a 1914 American drama film directed by Allan Dwan and written by Allan Dwan and Mrs. Burton Harrison. The film stars Henrietta Crosman, Walter Craven, Lorraine Huling, Minna Gale and Harold Lockwood. The film was released on September 10, 1914, by Paramount Pictures.	The person who directed The Unwelcome Mrs. Hatch did not star in the movie but did help to write it.	entailment	neutral	0.8104	0.0182	0.8104	0.1714	test_r1	
ANLI	About to Crack is the fifth studio album by Dutch punk hardcore band Vitamin X. Released through Tankcrimes on September 11, 2012 in the US, Agipunk in Europe and Peculio Discos in Brazil. The album was recorded at Electrical Audio in Chicago by Steve Albini who previously recorded Nirvana, Neurosis, PJ Harvey, High on Fire, Iggy Pop & The Stooges. Art is by John Dyer Baizley.	Vitamin X made four albums before About to Crack.	entailment	neutral	0.8089	0.0206	0.8089	0.1705	test_r1	
ANLI	The Portland Timbers are an American professional soccer club based in Portland, Oregon. The Timbers compete in Major League Soccer (MLS) as a member club of the league's Western Conference.The Timbers play their home games at Providence Park since 2011 when the team began play as an expansion team in the league.	The Portland Timbers won the MLS Championship in 2008.	contradiction	neutral	0.7974	0.0036	0.7974	0.1990	test_r1	
ANLI	De Baandert was a multi-use stadium in Sittard-Geleen, Netherlands. It was used mostly for football matches and hosted the home matches of Fortuna Sittard. The stadium was able to hold 22,000 people. It was closed in 1999 when Fortuna Sittard Stadion opened.	22,000 people go to football matches at De Baandert.	neutral	contradiction	0.7925	0.0996	0.1080	0.7925	test_r1	
ANLI	A Place on Earth: The Greatest Hits is the second greatest hits album by American singer Belinda Carlisle, released in the UK on November 30, 1999, by Virgin Records. A limited edition was released with a bonus disc featuring remixes and rare b-sides. A European edition was also released with an interview CD featuring Belinda providing answers to over 40 questions sent in by fans.	This album was released in Autumn. 	entailment	contradiction	0.7905	0.0956	0.1139	0.7905	test_r1	
ANLI	Takaaki Kajita (梶田 隆章 , Kajita Takaaki ) is a Japanese physicist, known for neutrino experiments at the Kamiokande and its successor, Super-Kamiokande. In 2015, he was awarded the Nobel Prize in Physics jointly with Canadian physicist Arthur B. McDonald.	Arthur B. McDonald is a Japanese physicist, known for neutrino experiments at the Kamiokande and its successor, Super-Kamiokande.	contradiction	entailment	0.7874	0.7874	0.0679	0.1447	test_r1	
ANLI	"The 1995 season of the astronomy TV show starring Jack Horkheimer started on January 2, 1995. During this season, the show still had its original name, ""Jack Horkheimer: Star Hustler"". The show's episode numbering scheme changed several times during its run to coincide with major events in the show's history."	The show did not always have the name Jack Horkheimer: Star Hustler.	entailment	contradiction	0.7848	0.0754	0.1399	0.7848	test_r1	
ANLI	"Lee Hong-gi (; ] ; Japanese:イ•ホンギ) is a South Korean singer-songwriter, actor, writer, and fashion designer. He is best known for his singing abilities and being the main singer of the South Korean rock band F.T. Island. Lee released his first solo extended play ""FM302"" in South Korea on 18 November 2015 and his Japanese album ""AM302"" on 9 December 2015."	イ•ホンギ is a south korean person who sings in a band. he has released his own ep in a fall month and one album in a different language than the last one in a winter month of the same year	entailment	neutral	0.7782	0.1108	0.7782	0.1109	test_r1	
ANLI	"Christopher Crosby Farley (February 15, 1964 – December 18, 1997) was an American actor and comedian. Farley was known for his loud, energetic comedic style, and was a member of Chicago's Second City Theatre and later a cast member of the NBC sketch comedy show ""Saturday Night Live"" between 1990 and 1995. Farley died of a drug overdose in 1997 at the age of 33."	Chris Farley starred on SNL	entailment	neutral	0.7732	0.0471	0.7732	0.1797	test_r1	
ANLI	"The Savage Detectives (""Los Detectives Salvajes"" in Spanish) is a novel by the Chilean author Roberto Bolaño in 1998. Natasha Wimmer's English translation was published by Farrar, Straus and Giroux in 2007. The novel tells the story of the search for a 1920s Mexican poet, Cesárea Tinajero, by two 1970s poets, the Chilean Arturo Belano (alter ego of Bolaño) and the Mexican Ulises Lima."	Roberto Bolaño based the character of Arturo Belano on himself.	entailment	contradiction	0.7688	0.0106	0.2206	0.7688	test_r1	
ANLI	Minnesota West Community and Technical College is a community and technical college with five campuses in southwestern Minnesota, United States: Canby, Granite Falls, Jackson, Pipestone and Worthington and three learning centers in Luverne, Marshall and Redwood Falls. Students have the opportunity to earn an Associate Degree, Diploma, or Certificate in more than 60 disciplines.	Minnesota West Community and Technical College was rebuilt in the 90s	neutral	contradiction	0.7642	0.0113	0.2245	0.7642	test_r1	
SNLI-Contrast	A woman is doing a cartwheel while wearing a bikini in the sand next to the beach.	A woman is doing a cartwheel and falls on her head.	contradiction	neutral	0.7375	0.0008	0.7375	0.2618		non-entailment-seeking
SNLI-Contrast	A woman is doing a cartwheel while wearing a bikini in the sand next to the beach.	A woman is doing a cartwheel and falls on her head.	contradiction	neutral	0.7375	0.0008	0.7375	0.2618		entailment-seeking
ANLI	"This is a list of cities in Azerbaijan. Azerbaijan is a country in the South Caucasus region, situated at the crossroads of Southwest Asia and Southeastern Europe. In total, Azerbaijan has 77 cities (including 12 Federal-level cities), 64 smaller ""rayon"" -class cities, and one special legal status city. These are followed by 257 urban-type settlements and 4,620 villages."	Azerbaijan has over 100 cities and 4,620 villages.	contradiction	neutral	0.7371	0.0816	0.7371	0.1813	test_r1	
ANLI	"The Treaty of Breslau was a preliminary peace agreement signed on 11 June 1742 following long negotiations at the Silesian capital Wrocław (German: ""Breslau"" ) by emissaries of Archduchess Maria Theresa of Austria and King Frederick II of Prussia ending the First Silesian War."	The Treaty of Breslau was signed by emissaries of Queen Maria Theresa of Austria and King Frederick II of Prussia ending the First Silesian War.	contradiction	entailment	0.7306	0.7306	0.1443	0.1251	test_r1	
ANLI	Ernest Jones is a British jeweller and watchmaker. Established in 1949, its first store was opened in Oxford Street, London. Ernest Jones specialises in diamonds and watches, stocking brands such as Gucci and Emporio Armani. Ernest Jones is part of the Signet Jewelers group.	The first Ernest Jones store was opened on the continent of Europe.	entailment	contradiction	0.7134	0.1905	0.0961	0.7134	test_r1	
ANLI	"The 1990 season of the astronomy TV show starring Jack Horkheimer started on January 1, 1990. During this season, the show still had its original name, ""Jack Horkheimer: Star Hustler"". The show's episode numbering scheme changed several times during its run to coincide with major events in the show's history. The official Star Gazer website hosts the complete scripts for each of the shows."	Star Gazer is the official website for Jack Horkheimer: Star Hustler and host all the scripts for each show. They have been doing this since the show started in 1990.	neutral	entailment	0.7044	0.7044	0.2051	0.0905	test_r1	
ANLI	The Second Silesian War was a theatre of the War of the Austrian Succession. The name is used to describe Prussia's war against Austria between 1744 and 1745, fought mainly in Silesia, Bohemia, and Upper Saxony. It was the second in a series of three Silesian Wars fought between Frederick the Great's Prussia and Maria Theresa's Austria.	The Silesian Wars were the only wars fought between Maria Theresa's Austria and Frederick the Great's Prussia. 	neutral	contradiction	0.6870	0.1152	0.1979	0.6870	test_r1	
ANLI	"USS ""Bowfin"" (SS/AGSS-287), a ""Balao""-class submarine, was a boat of the United States Navy named for the bowfin fish. Since 1981, she has been open to public tours at the USS ""Bowfin"" Submarine Museum and Park in Pearl Harbor, Hawaii, next to the USS Arizona Memorial Visitor Center."	USS Bowfin become a tourist attraction in 1981.	entailment	neutral	0.6788	0.2094	0.6788	0.1117	test_r1	
ANLI	"""All for Love"" is a song written by Bryan Adams, Robert John ""Mutt"" Lange and Michael Kamen for the soundtrack "" The Three Musketeers: Original Motion Picture Soundtrack"". It was performed by Bryan Adams, Rod Stewart and Sting. The song was released as a CD single in the United States on November 16, 1993. It was a worldwide hit, reaching number one across Europe and North America."	Michael Kamen performed All for Love	contradiction	entailment	0.6733	0.6733	0.2655	0.0612	test_r1	
SNLI-Contrast	The two farmers are working on a piece of John Deere equipment.	2 Men are making a pool together	contradiction	neutral	0.6676	0.0033	0.6676	0.3291		non-entailment-seeking
SNLI-Contrast	The two farmers are working on a piece of John Deere equipment.	2 Men are making a pool together	contradiction	neutral	0.6676	0.0033	0.6676	0.3291		entailment-seeking
ANLI	"The Battle of the Ravine is a college rivalry game played annually by Henderson State University and Ouachita Baptist University. The football rivalry game is tied for the oldest rivalry game in NCAA Division II, alongside the Black Hills Brawl. The current, full title is the ""Southern Bancorp Battle of the Ravine""."	"Henderson State University and Ouachita Baptist University are the only Universities to play, "" The Battle of the Ravine "" . "	entailment	neutral	0.6566	0.0848	0.6566	0.2586	test_r1	
ANLI	The family of Macintosh operating systems developed by Apple Inc. includes the graphical user interface-based operating systems it has designed for use with its Macintosh series of personal computers since 1984, as well as the related system software it once created for compatible third-party systems.	Macintosh is a business that owns Apple Inc.	contradiction	neutral	0.6552	0.3306	0.6552	0.0142	test_r1	
ANLI	"Alba is a female given name of Latin origin meaning ""dawn"". It can also be used as a Spanish surname, as in the actress Jessica Alba, or a title, as in the Spanish Dukedom of Alba. It may also be considered a feminine version of Albert or Albinus or of names beginning with the Germanic Alf."	Alba means morning in Latin	contradiction	neutral	0.6381	0.2450	0.6381	0.1169	test_r1	
ANLI	Mateo Camargo (pronounced: Muh-tay-oh) is a Colombian-born American record producer, and is the guitarist, keyboardist, and backing vocalist of rock band Madina Lake from 2005 to its breakup in 2012 and since the bands reunion in 2017. After the breakup of Madina Lake, Mateo became the guitarist and keyboardist for the band Little Bitter Cubes.	During his life, Mateo Camargo moved from Colombia to the United States.	entailment	neutral	0.6350	0.0522	0.6350	0.3129	test_r1	
SNLI-Contrast	A man in a green jersey and rollerskates stumbles as a man in a black jersey appears to collide with him.	They both fall to the ground.	contradiction	neutral	0.6330	0.1442	0.6330	0.2228		non-entailment-seeking
SNLI-Contrast	A man in a green jersey and rollerskates stumbles as a man in a black jersey appears to collide with him.	They both fall to the ground.	contradiction	neutral	0.6330	0.1442	0.6330	0.2228		entailment-seeking
SNLI-Contrast	Two men on bicycles competing in a race.	Men are riding bicycles on the street.	contradiction	neutral	0.6301	0.3047	0.6301	0.0652		non-entailment-seeking
SNLI-Contrast	Two men on bicycles competing in a race.	Men are riding bicycles on the street.	contradiction	neutral	0.6301	0.3047	0.6301	0.0652		entailment-seeking
SNLI-Contrast	Two women having drinks and smoking cigarettes at the bar.	Three women are at a bar.	contradiction	entailment	0.6209	0.6209	0.0370	0.3421		non-entailment-seeking
SNLI-Contrast	Two women having drinks and smoking cigarettes at the bar.	Three women are at a bar.	contradiction	entailment	0.6209	0.6209	0.0370	0.3421		entailment-seeking
ANLI	Zimbabwe is a landlocked country in southern Africa lying wholly within the tropics. It straddles an extensive high inland plateau that drops northwards to the Zambezi valley where the border with Zambia is and similarly drops southwards to the Limpopo valley and the border with South Africa.	Zimbabwe has a large, diverse population.	neutral	entailment	0.6064	0.6064	0.3560	0.0376	test_r1	
ANLI	"Woodes Rogers (""ca."" 1679 – 15 July 1732) was an English sea captain and privateer and, later, the first Royal Governor of the Bahamas. He is known as the captain of the vessel that rescued marooned Alexander Selkirk, whose plight is generally believed to have inspired Daniel Defoe's ""Robinson Crusoe""."	Woodes Rogers was a captain of Rbinson Crusoe's boat.	neutral	entailment	0.5987	0.5987	0.1826	0.2187	test_r1	
ANLI	Miniatürk is a miniature park situated at the north-eastern shore of Golden Horn in Istanbul, Turkey. It was opened May 2, 2003. Miniatürk covers a total area of 60000 m2 . It is one of the world's largest miniature parks with its 15000 m2 model area. The park contains 122 models in 1:25 scale. It contains structures from in and around Turkey, as well as interpretations of historic structures.	The park contains 122 historic structures.	neutral	contradiction	0.5961	0.2035	0.2004	0.5961	test_r1	
ANLI	State Highway 34 (abbreviated SH-34) is a state highway in the U.S. state of Oklahoma. It runs for 188.3 mi south-to-north in the western part of the state. The highway begins northeast of Eldorado, in the southwest corner of the state, and extends north to the Kansas state line between Woodward and Coldwater, Kansas.	SH-34 connects Oklahoma and Arkansas.	contradiction	entailment	0.5833	0.5833	0.2898	0.1269	test_r1	
SNLI-Contrast	A person rides his bicycle in the sand beside the ocean.	A person is on a beach.	entailment	neutral	0.5695	0.4215	0.5695	0.0090		entailment-seeking
SNLI-Contrast	A person rides his bicycle in the sand beside the ocean.	A person is on a beach.	entailment	neutral	0.5695	0.4215	0.5695	0.0090		non-entailment-seeking
ANLI	Shadowboxer is a 2005 crime thriller film directed by Lee Daniels and starring Academy Award winners Cuba Gooding Jr., Helen Mirren, and Mo'Nique. It opened in limited release in six cities: New York, Los Angeles, Washington, D.C., Baltimore, Philadelphia, and Richmond, Virginia.	Shadowboxer was written and directed by Lee Daniels and was starring Academy Award winners Cuba Gooding Jr., Helen Mirren, and Mo'Nique.	neutral	entailment	0.5420	0.5420	0.0416	0.4165	test_r1	
ANLI	Five Aces is a 1999 black comedy/drama film written, produced and directed by David Michael O'Neill. It stars Charlie Sheen, Christopher McDonald, Aimée Leigh, Jeff Cesario, Michael McGrady, Tia Carrere, Geoffrey Lewis, Virginia Hamilton, Matt Clark, Hannes Jaenicke with John LaMotta and Elizabeth Morehead. It is one of the films where Charlie Sheen is credited as Charles Sheen.	Charlie Sheen was the director of the movie Five Aces.	contradiction	neutral	0.5398	0.3294	0.5398	0.1308	test_r1	
ANLI	"Snow White: A Tale of Terror is a 1997 American dark fantasy horror television film based on the fairy tale ""Snow White"". Also known as Snow White in the Black Forest it was directed by Michael Cohn and stars Sigourney Weaver, Sam Neill and Monica Keena. The original music score was composed by John Ottman. The film was marketed with the tagline ""The fairy tale is over""."	The original music score was copied by John Ottman	contradiction	neutral	0.5009	0.2364	0.5009	0.2627	test_r1	
ANLI	Elazar Menachem Man Shach (Hebrew: אלעזר מנחם מן שך‎ ) Elazar Shach (January 1, 1899 O.S. – November 2, 2001) was a leading Lithuanian-Jewish Haredi rabbi in Bnei Brak, Israel. He also served as one of three co-deans of the Ponevezh Yeshiva in Bnei Brak, along with Rabbis Shmuel Rozovsky and Dovid Povarsky.	Elazar Shach did not live beyond 2002	entailment	neutral	0.4768	0.2537	0.4768	0.2696	test_r1	
ANLI	Eduard Schulte ( 4 January 1891 in Düsseldorf – 6 January 1966 in Zürich) was a prominent German industrialist. He was one of the first to warn the Allies and tell the world of the Holocaust and systematic exterminations of Jews in Nazi Germany occupied Europe.	Eduard Schulte fought in WWII	neutral	contradiction	0.4762	0.1032	0.4206	0.4762	test_r1	
ANLI	"Prof Albert Abraham Michelson (surname pronunciation anglicized as ""Michael-son"") FFRS HFRSE LLD (December 19, 1852 – May 9, 1931) was an American physicist known for his work on measuring the speed of light and especially for the Michelson–Morley experiment. In 1907 he received the Nobel Prize in Physics, becoming the first American to win the Nobel Prize in a science."	Prof Albert Abraham Michelson lived to be over 100 years old. 	contradiction	entailment	0.4649	0.4649	0.2883	0.2469	test_r1	
ANLI	"Secrets of the Cryptkeeper’s Haunted House was a children's Saturday-morning game show that ran on CBS. It premiered on September 14, 1996 and lasted until August 23, 1997. It featured the Cryptkeeper of ""Tales from the Crypt"" (with John Kassir as the voice) now serving as an announcer. It is the last TV series in the ""Tales From the Crypt"" franchise."	John Kassir's career as the cryptkeeper is over. 	entailment	neutral	0.4634	0.4503	0.4634	0.0863	test_r1	
ANLI	Camassia cusickii, common name Cussick's camas, is a species of plant in the Asparagaceae family (subfamily Agavoideae). It is native to parts of North America. It has linear leaves with parallel venation and flowers in parts of three. The flowers are usually ice blue or baby blue in color, although they can be various shades of blue, cream and white.	Crussicks camas can be found all over the world	neutral	contradiction	0.4246	0.1762	0.3992	0.4246	test_r1	
ANLI	Inner Ear Studios is a recording studio founded in Arlington, Virginia by musician and recording engineer Don Zientara. Hundreds of albums, including both independent and major label releases, have been recorded at the studio. Notable artists who have recorded at Inner Ear Studios include Minor Threat, Fugazi, Mary Timony, and Foo Fighters.	Inner Ear Studios is a recording mountain founded in Arlington.	contradiction	neutral	0.3926	0.2571	0.3926	0.3503	test_r1	
ANLI	Love in Nepal is a 2004 Indian Hindi romantic thriller film directed by Rajat Mukherjee which was released on 6 March 2004. Unlike Sonu Nigam in the male lead, who is otherwise a well known Bollywood playback singer, the film has Nepali film actress Jharana Bajracharya and Richa Ghimire from Nepal and Flora Saini in the female lead. This is Sonu Nigam's second film as the male lead.	Sonu Nigam's second film as the male lead debuted in 2003. 	contradiction	neutral	0.3916	0.2947	0.3916	0.3136	test_r1	
ANLI	Me Before You is a 2016 romantic drama film directed by Thea Sharrock in her directorial debut and adapted by English author Jojo Moyes from her 2012 novel of the same name. The film stars Emilia Clarke, Sam Claflin, Steve Peacocke, Jenna Coleman, Charles Dance, Matthew Lewis, Janet McTeer, Vanessa Kirby and Joanna Lumley.	Jojo Moyes wrote the screenplay for Me Before You in 2014.	neutral	contradiction	0.3695	0.3190	0.3116	0.3695	test_r1	
ANLI	The 2017–18 Phoenix Suns season will be the 50th season of the franchise in the National Basketball Association (NBA), as well as their 25th season at the Talking Stick Resort Arena. It is also their third season in five years where the Suns would earn themselves a Top 5 draft pick in the NBA Draft, with them having the second straight year of gaining the #4 pick, this time being Josh Jackson.	2017-2018 marked the 25th season of the Phoenix Suns Franchise in the NBA	contradiction	entailment	0.3545	0.3545	0.2936	0.3519	test_r1	
